Y506L;10/12/2024; 151.680 ;1%;CNB1R8J530;10.30.31.52;23081714325;;;;;;;;
C506L;10/12/2024; 151.680 ;1%;CNB1R8J5JW;10.30.31.52;23081804553;;;;;;;;
M506L;10/12/2024; 151.680 ;1%;CNB1S6BLDS;10.30.31.52;23063011621;;;;;;;;
W9152MC;10/12/2024;;10%;USBCQ1C3D8;10.30.31.50;CNE6W915260001660ATBB1173;;;;;;;;
203U;10/12/2024; 152.183 ;0%;CNB1Q91B3G;10.30.31.135;;;;;;;;;
203U;11/12/2024; 152.748 ;51%;CNB1S85P90;10.30.31.16;24080610133;Toner estava saindo com impressoões riscadas.;;;;;;;
Y506L;12/12/2024; 153.804 ;0%;CNB1S66D8Y;10.30.31.65;24060616733;;;;;;;;
C506L;12/12/2024;;0%;CNB1RCRBBF;10.30.31.59;23112409552;;;;;;;;
M506L;12/12/2024;;0%;CNB1RC1CG1;10.30.31.59;23110213009;;;;;;;;
Y506L;12/12/2024;;0%;CNB1RC2F67;10.30.31.59;23110314764;;;;;;;;
203U;12/12/2024; 154.524 ;0%;CNB1RC99S2;10.30.31.215;23111300229;;;;;;;;
203U;15/12/2024; 155.591 ;0%;CNB1S6KJFR;10.30.31.100;24061905173;;;;;;;;
203U;19/12/2024; 158.999 ;1%;CNB1S85NDG;10.30.31.93;24080610448;;;;;;;;
203U;19/12/2024; 159.707 ;0%;CNB1S6KJFK;10.30.31.81;24061905161;;;;;;;;
203U;20/12/2024; 159.827 ;0%;CNB1R6THPM;10.30.31.83;23062616673;;;;;;;;
203U;20/12/2024; 159.846 ;1%;CNB1S6KJCS;10.30.31.19;24061904875;;;;;;;;
Y506L;20/12/2024; 160.081 ;0%;CNB1S2L8B9;10.30.31.45;24041906676;;;;;;;;
C506L;20/12/2024; 160.081 ;0%;CNB1S4LGJQ;10.30.31.45;24070308202;;;;;;;;
203U;21/12/2024; 159.177 ;0%;CNB1S2WJRM;10.30.31.221;;;;;;;;;
203U;22/12/2024; 162.117 ;0%;;10.30.31.15;24080610944;;;;;;;;
203U;26/12/2024; 163.405 ;0%;CNB1S85NJ7;10.30.31.84;24080611287;;;;;;;;
K506L;27/12/2024; 164.451 ;0%;CNB1S4LHXP;10.30.31.22;;;;;;;;;
W9153MC;27/12/2024; 163.818 ;0%;USBCQDJ2PS;10.30.31.50;;;;;;;;;
Y506L;27/12/2024; 164.534 ;0%;CNB1R8J53Y;10.30.31.63;23081744644;;;;;;;;
203U;27/12/2024; 164.687 ;0%;CNB1R49423;10.30.31.68;23041022211;;;;;;;;
C506L;27/12/2024; 164.760 ;1%;CNB1S2L7NN;10.30.31.92;24021911287;;;;;;;;
203U;30/12/2024;;0%;CNB1S30929;10.30.31.106;24030111153;;;;;;;;
K506L;30/12/2024; 165.579 ;1%;CNB1S4LHW9;10.30.31.63;24041902793;;;;;;;;
203U;30/12/2024; 165.845 ;0%;CNB2S71LB3;10.30.31.118;24070212243;;;;;;;;
M506L;02/01/2025; 165.039 ;1%;CNB1S6BLC5;10.30.31.63;24061104580;;;;;;;;
Y506L;02/01/2025; 167.295 ;0%;CNB1S66D8B;10.30.31.125;24060616698;;;;;;;;
201L;03/01/2025; 167.615 ;0%;CNB1S787C4;10.30.31.23;24070901971;;;;;;;;
203U;03/01/2025; 167.626 ;1%;CNB1S308H3;10.30.31.128;24030107402;;;;;;;;
358S;03/01/2025; 167.653 ;7%;CNB2R9P2SP;10.30.31.138;;Impressora apresentando mensagem de mistura estar misturando o toner a quase todo momento que utilizava a mesma.;;;;;;;
W1330XZ;05/01/2025; 168.778 ;0%;CNB1R66N79;10.30.31.119;230607A35E0;;;;;;;;
203U;06/01/2025; 168.972 ;35%;CNB1S85NG7;10.30.31.103;24080610812;Realizado a troca antecipada da impressora pois apresentou falhas na impressão;;;;;;;
C506L;06/01/2025; 169.674 ;1%;CNB154LGKX;10.30.31.65;24041911601;;;;;;;;
Y506L;06/01/2025; 169.674 ;1%;CNB2S7SSCK;10.30.31.65;24070305956;;;;;;;;
201L;07/01/2025; 170.748 ;0%;CNB1S787CL;10.30.31.27;;;;;;;;;
203U;09/01/2025; 172.487 ;0%;CNB1S6KJCM;10.30.31.101;24061904872;;;;;;;;
M506L;11/01/2025; 174.559 ;0%;CNB1S4LGYC;10.30.31.45;24041917873;;;;;;;;
358S;13/01/2025;;1%;CNB2L1T22G;10.30.31.107;18012919447;;;;;;;;
C506L;13/01/2025;;0%;CNB1S6BN5H;10.30.31.125;24061109165;;;;;;;;
K506L;13/01/2025; 175.630 ;0%;CNB1S74J1Q;10.30.31.65;24070613064;;;;;;;;
K506L;14/01/2025;;0%;CNB1R86D2J;10.30.31.59;23080705371;;;;;;;;
203U;14/01/2025;;0%;CNB1S6KJFQ;10.30.31.46;;;;;;;;;
C506L;15/01/2025; 177.246 ;1%;CNB1S2L7PD;10.30.31.48;24021911389;;;;;;;;
M506L;15/01/2025; 177.246 ;1%;CNB1S2L81G;10.30.31.48;24021901254;;;;;;;;
203U;16/01/2025; 178.143 ;0%;CNB1S85NFT;10.30.31.42;24080610894;;;;;;;;
CF258XZ;16/01/2025;;0%;201392762;10.30.31.117;;;;;;;;;
K506L;16/01/2025; 178.741 ;0%;CNB2S721S5;10.30.31.22;24070314171;;;;;;;;
203U;16/01/2025; 178.936 ;3%;CNB157TH3C;10.30.31.83;24072900319;;;;;;;;
203U;17/01/2025; 179.843 ;1%;CNB1S2RC0L;10.30.31.49;24022500927;;;;;;;;
203U;20/01/2025; 180.636 ;0%;CNB1S2WHFP;10.30.31.100;24022908710;;;;;;;;
C506L;20/01/2025; 180.699 ;0%;CNB1S4RDXR;10.30.31.63;24042418611;;;;;;;;
203U;20/01/2025; 180.854 ;0%;CNB1Q97BN0;10.30.31.25;22090819239;;;;;;;;
203U;21/01/2025; 181.112 ;0%;CNB1S2TDVR;10.30.31.26;24022505965;;;;;;;;
W9061MC;21/01/2025; 181.606 ;0%;100731478;10.30.31.134;;;;;;;;;
W9060MC;21/01/2025; 181.606 ;0%;100799847;10.30.31.134;;;;;;;;;
203U;22/01/2025; 182.439 ;0%;CNB1S80LDD;;;;;;;;;;
358S;22/01/2025; SALA TI ;36%;CNB2R9P2Z6;10.30.31.205;;APRESENTANDO MENSAGEM DE AGITAR O TONER;;;;;;;
W9063MC;23/01/2025; 183.406 ;0%;;10.30.31.120;100795556;;;;;;;;
W9061MC;23/01/2025; 183.406 ;0%;;10.30.31.120;100735157;;;;;;;;
W9060MC;23/01/2025; 183.406 ;0%;;10.30.31.120;100795007;;;;;;;;
W9061MC;23/01/2025;;0%;;10.30.31.94;100731793;;;;;;;;
W9062MC;23/01/2025;;0%;;10.30.31.94;100729570;;;;;;;;
W9063MC;23/01/2025;;0%;;10.30.31.94;100795893;;;;;;;;
W9008MC;23/01/2025; 183.748 ;<10%;;10.30.31.201;;;;;;;;;
K506L;24/01/2025; 184.598 ;0%;CNB1S4LHXF;10.30.31.125;24041902667;;;;;;;;
203U;27/01/2025; 185.603 ;0%;CNB2S71JZL;10.30.31.84;24070211975;;;;;;;;
W9060MC;27/01/2025; 185.692 ;<10%;;10.30.31.94;100797916;;;;;;;;
358S;27/01/2025; 185.760 ;1%;CNB1S719BH;10.30.31.8;24070507963;;;;;;;;
C506L;27/01/2025; 186.052 ;0%;CNB1S2L7QD;10.30.31.157;24021911541;;;;;;;;
;28/01/2025; 186.831 ;0%;CNB1S8NMQ;10.30.31.83;24080712761;;;;;;;;
K506L;28/01/2025; 187.548 ;1%;;10.30.31.22;24083009509;;;;;;;;
203U;28/01/2025; 187.507 ;0%;CNB1S6KJHP;10.30.31.90;24061905524;;;;;;;;
W9004MZ;29/01/2025; 187.990 ;<10%;4B06S2AbP;10.30.31.215;33622783;;;;;;;;
Y506L;29/01/2025; 190.229 ;1%;CNB1S847RB;10.30.31.45;24080503805;;;;;;;;
203U;29/01/2025; 188.391 ;0%;CNB1S80LDL;10.30.31.93;24080209586;;;;;;;;
203U;30/01/2025; 189.215 ;0%;CNB1RD7H26;;;;;;;;;;
203U;30/01/2025; 189.216 ;0%;CNB1S2WJSF;;;;;;;;;;
K506L;30/01/2025; 189.805 ;0%;CNB1S4RDPH;10.30.31.45;24042403803;;;;;;;;
M506L;30/01/2025; 189.973 ;1%;cnb1s4rdp3;10.30.31.125;24042413191;;;;;;;;
203U;31/01/2025; 190.191 ;1%;CNB1S6KHDR;10.30.31.124;24061905011;;;;;;;;
203U;31/01/2025; 190.338 ;0%;CNB2S71K6K;10.30.31.118;24070203984;;;;;;;;
C506L;31/01/2025; 190.768 ;0%;cnb1s6bnhj;10.30.31.60;24061111076;;;;;;;;
Y506L;31/01/2025; 190.768 ;0%;cnb1r15gsy;10.30.31.60;23070718229;;;;;;;;
M506L;31/01/2025; 190.768 ;0%;cnb1s4rdnx;10.30.31.60;24042413277;;;;;;;;
CF258XZ;02/02/2025; 191.210 ;0%;;10.30.31.117;16926259;;;;;;;;
C506L;03/02/2025; 191.610 ;0%;CNB2S721PC;10.30.31.45;24070308202;;;;;;;;
Y506L;03/02/2025; 191.610 ;0%;CNB1S4LHLG;10.30.31.45;24041906676;;;;;;;;
203U;03/02/2025; 191.755 ;10%;CNB1S308H1;10.30.31.33;24030107407;COM PONTOS PRETOS NA IMPRESSÃO;;;;;;;
203u;03/02/2025; 192.017 ;0%;cnb1s8xvtb;10.30.31.68;24083009849;;;;;;;;
203U;03/02/2025; 192.207 ;20%;CNB1R59J45;10.30.31.33;24080510511;APRESENTOU FALHA NA IMPRESSÃO ;;;;;;;
203U;04/02/2025; 192.892 ;0%;CNB2R2J0LW;10.30.31.57;23021806098;;;;;;;;
W2150xc;05/02/2025; 194.535 ;0%;;10.30.31.96;;;;;;;;;
w2151xc;05/02/2025; 194.535 ;0%;;10.30.31.96;;;;;;;;;
w2152xc;05/02/2025; 194.535 ;0%;;10.30.31.96;;;;;;;;;
w2153xc;05/02/2025; 194.535 ;0%;;10.30.31.96;;;;;;;;;
203u;05/02/2025; 194.669 ;1%;CNB1S6KJJ1;10.30.31.113;24062201784;;;;;;;;
203U;07/02/2025; 196.485 ;0%;CNB2QDMFNY;;22122117172;;;;;;;;
203U;10/02/2025; 197.505 ;41%;CNB1S85NG4;10.30.31.103;24080610805;APRESENTOU FALHA NA IMPRESSÃO ;;;;;;;
203U;10/02/2025; 197.817 ;18%;CNB1S85NGT;10.30.31.126;24080610980;APRESENTOU FALHA NA IMPRESSÃO ;;;;;;;
203U;10/02/2025; 198.289 ;0%;CNB1S85NFY;10.30.31.62;24080610769;;;;;;;;
203U;10/02/2025; 198.266 ;0%;CNB1S2WJS6;10.30.31.159;24022906579;;;;;;;;
203U;11/02/2025; 198.751 ;0%;CNB1S6KJC7;10.30.31.123;24061904790;;;;;;;;
Y506L;11/02/2025; 198.816 ;0%;CNB1S4LHM2;10.30.31.125;24041906712;;;;;;;;
K506L;12/02/2025;;0%;CNB1S8098H;10.30.31.65;24080102871;;;;;;;;
M506L;12/02/2025; 199.949 ;1%;CNB1S6BLDL;10.30.31.22;24061104839;;;;;;;;
C506L;12/02/2025; 200.499 ;1%;CNB1S847DJ;10.30.31.125;24080509119;;;;;;;;
203U;13/02/2025; 200.503 ;1%;CNB1RDGD4D;10.30.31.189;23121502435;;;;;;;;
203U;14/02/2025; 202.028 ;0%;CNB1S6NDV2;10.30.31.84;24061908747;;;;;;;;
203U;14/02/2025; 202.036 ;0%;CNB1S6KJHL;10.30.31.111;24061905514;;;;;;;;
K506L;14/02/2025; 202.408 ;0%;cnb1s12tl1;10.30.31.22;24010401408;;;;;;;;
203U;14/02/2025; 202.818 ;0%;CNB1S6NDXB;10.30.31.81;24062201915;;;;;;;;
203U;16/02/2025; 203.010 ;1%;CNB1RDSDGY;10.30.31.69;23122503788;;;;;;;;
203U;17/02/2025; 203.257 ;0%;CNB1R6THTG;10.30.31.34;23062618178;;;;;;;;
CF258XZ;17/02/2025; 203.448 ;0%;;10.30.31.117;16926262;;;;;;;;
203u;19/02/2025;;0%;CNB1S6KJHX;10.30.31.7;24061905606;;;;;;;;
M506L;19/02/2025;;0%;CNB1S808DB;10.30.31.45;24080112042;;;;;;;;
K506L;19/02/2025; 205.954 ;0%;CNB1R8J4QC;10.30.31.54;23081801779;;;;;;;;
W2022XC;19/02/2025;;0%;;10.30.31.203;100992755;;;;;;;;
203U;19/02/2025; 206.543 ;1%;CNB1S85NHM;10.30.31.29;24080611136;;;;;;;;
W9062MC;19/02/2025; 206.214 ;1%;;10.30.31.193;100732208;;;;;;;;
CF258XZ;19/02/2025; 206.247 ;0%;;10.30.31.78;16918018;;;;;;;;
201L;20/02/2025;;0%;CNB1S8DFLD;10.30.31.27;24081303349;;;;;;;;
203U;20/02/2025; 207.191 ;1%;CNB2RCX53Q;10.30.31.126;23113011116;;;;;;;;
203U;20/02/2025; 207.670 ;0%;CNB1S6NDLZ;10.30.31.15;24062200358;;;;;;;;
M506L;21/02/2025; 208.180 ;0%;CNB1S808YN;10.30.31.125;24080112895;;;;;;;;
Y506L;21/02/2025; 208.825 ;0%;CNB1S8XCSQ;10.30.31.65;24083007365;;;;;;;;
203U;24/02/2025; 209.389 ;0%;CNB2S71K4J;10.30.31.118;24070202886;;;;;;;;
203U;24/02/2025; 209.951 ;1%;CNB1S6NDV7;10.30.31.83;24062201514;;;;;;;;
203U;24/02/2025; 209.771 ;0%;CNBAS1RHF9;10.30.31.200;24012407705;;;;;;;;
203u;24/02/2025; 210.106 ;0%;CNB1M86HSS;10.30.31.66;19080743078;;;;;;;;
K506L;25/02/2025; 210.512 ;1%;CNB1S3590F;10.30.31.157;24030602099;;;;;;;;
K506L;25/02/2025; 210.852 ;0%;CNB1S8XCZR;10.30.31.22;;Não estava saindo o crum;;;;;;;
203U;26/02/2025; 212.515 ;1%;CNB1S6KJFD;10.30.31.76;24061905147;;;;;;;;
Y506L;27/02/2025; 212.781 ;1%;CNB1S4LHM6;10.30.31.63;24041906753;;;;;;;;
K506L;27/02/2025; 213.298 ;1%;CNB1S2L7W5;10.30.31.125;24080101299;;;;;;;;
K506L;27/02/2025; 213.457 ;0%;CNB1S80975;10.30.31.139;;Não estava saindo o crum;;;;;;;
203U;28/02/2025; 213.999 ;1%;CNB1RD7GYB;10.30.31.122;23120807738;;;;;;;;
203U;28/02/2025; 214.620 ;0%;CNB1S6NDTB;10.30.31.42;24062201340;;;;;;;;
203U;28/02/2025; 214.775 ;0%;CNB1S2TDTR;10.30.31.127;24022505839;;;;;;;;
203U;01/03/2025; 214.915 ;1%;CNB1QDNFJX;10.30.31.37;22122200947;;;;;;;;
C506L;01/03/2025; 214.943 ;0%;CNB1S4LGMP;10.30.31.22;24041912456;;;;;;;;
Y506L;01/03/2025; 214.943 ;0%;CNB1R15GVQ;10.30.31.22;23010720361;;;;;;;;
M506L;03/03/2025; 214.585 ;1%;CNB1S1RFCP;10.30.31.92;24012416046;;;;;;;;
Y506L;03/03/2025; 214.585 ;1%;CNB1S24FN0;10.30.31.92;24020503617;;;;;;;;
C506L;03/03/2025; 215.207 ;0%;CNB1S5QB2T;10.30.31.65;24052311863;;;;;;;;
M506L;03/03/2025; 215.207 ;0%;CNB1S6BLH8;10.30.31.65;24061105448;;;;;;;;
W2022XC;03/03/2025; 215.510 ;0%;;10.30.31.20;100996351;;;;;;;;
203U;03/03/2025; 215.619 ;0%;CNB1S6NDWP;10.30.31.49;24062201819;NA URGÊNCIA REALIZARAM UMA TROCA INDEVIDA POR OUTRO TONER POIS O CHAMADO DEMOROU PARA ENTRAR NA NOSSA FILA;;;;;;;
M506L;04/03/2025; 215.571 ;1%;CNB1S6BMVM;10.30.31.63;24061107110;;;;;;;;
203U;04/03/2025; 216.368 ;0%;CNB1S6LNBV;10.30.31.84;24061908747;;;;;;;;
203U;06/03/2025;;0%;CNB1S81GXF;10.30.31.19;24080210529;;;;;;;;
358S;06/03/2025; 217.546 ;1%;CNB2RDPY22;10.30.31.79;23122304676;;;;;;;;
;; 219.094 ;0%;CNB2Q4X3V9;10.30.31.21;220503A218D;;;;;;;;
358S;08/03/2025;;3%;CNB2S7YL57;10.30.31.138;24080113374;;;;;;;;
203U;10/03/2025; 220.505 ;0%;CNB1RD7GZT;10.30.31.97;23120808047;;;;;;;;
203U;10/03/2025; 220.417 ;1%;CNB1S85NG8;10.30.31.46;24080610827;;;;;;;;
203U;10/03/2025; 220.806 ;0%;CNB2S71K4F;10.30.31.96;24070202858;;;;;;;;
K506L;10/03/2025; 221.617 ;0%;CNBAS4RDPL;10.30.31.60;24042403807;;;;;;;;
K506L;11/03/2025; 222.564 ;0%;CNB1S8XCY1;10.30.31.65;24083010015;;;;;;;;
K506L;11/03/2025; 222.430 ;0%;CNB1S809DH;10.30.31.63;;;;;;;;;
W2021XC;12/03/2025; 223.915 ;0%;;10.30.31.156;101066200;;;;;;;;
D358S;12/03/2025; 223.950 ;4%;CNB2S7P1TG;10.30.31.8;24072610544;;;;;;;;
203U;12/03/2025; 223.869 ;0%;CNB2S71L8Y;10.30.31.100;24070211957;;;;;;;;
201L;12/03/2025; 223.802 ;0%;CNB1S8DFW6;10.30.31.23;24081306042;;;;;;;;
203U;12/03/2025; 224.014 ;1%;CNB2RCX544;10.30.31.190;23113011226;;;;;;;;
203U;13/03/2025; 224.645 ;2%;CNB1RSSDFV;10.30.31.133;23122503664;;;;;;;;
W9060MC;13/03/2025; 224.637 ;0%;;10.30.31.120;1000733001;Não informou o crum;;;;;;;
W9060MC;13/03/2025;;0%;;10.30.31.94;100798560;;;;;;;;
Y506L;13/03/2025; 224.811 ;0%;cnb1s8xcrh;10.30.31.125;24083007029;;;;;;;;
Y506L;13/03/2025; 224.920 ;1%;CNB1S8XD2C;10.30.31.45;24093005691;;;;;;;;
C506L;13/03/2025; 224.920 ;1%;CNB1S4RDY3;10.30.31.45;24042418596;;;;;;;;
CF258XC;13/03/2025;;0%;4a12h2bb;10.30.31.117;20240112;;;;;;;;
203U;14/03/2025; 225.460 ;0%;CNB1Q97BPM;10.30.31.22;22090819885;;;;;;;;
Y506L;14/03/2025; 225.976 ;0%;CNB1S8XD2Y;10.30.31.65;24083005851;;;;;;;;
203U;17/03/2025; 226.471 ;0%;CNB1S6KJHJ;10.30.31.81;24061905486;;;;;;;;
203U;17/03/2025; 226.894 ;0%;CNB1S6LNC0;10.30.31.118;;Não estava saindo papel do crum e na web o crum não aparecia;;;;;;;
CF258XC;18/03/2025; 228.025 ;0%;20240301;10.30.31.43;16910123;;;;;;;;
C506L;18/03/2025; 228.558 ;0%;CNB1S847CJ;10.30.31.125;24080508777;;;;;;;;
;20/03/2025; 230.135 ;0%;2L05H1Ab20221205;10.30.31.96;16844016;;;;;;;;
C506L;20/03/2025; 230.693 ;1%;CNB1S6BN6P;10.30.31.63;24061109450;;;;;;;;
203U;20/03/2025; 230.990 ;1%;CNBAS6NDTK;10.30.31.16;24062201360;;;;;;;;
C506L;24/03/2025; 231.843 ;0%;CNB1S808NP;10.30.31.65;24080109717;;;;;;;;
M506L;24/03/2025; 213.843 ;0%;CNB1S847K2;10.30.31.65;24080502662;;;;;;;;
203U;24/03/2025; 232.317 ;0%;CNB1S7TH3B;10.30.31.15;24072900763;;;;;;;;
358S;24/03/2025; 232.403 ;4%;CNB1S63Z2F;10.30.31.10;24060511783;;;;;;;;
203U;24/03/2025; 232.273 ;0%;CNB2S71LD2;10.30.31.83;24070212811;;;;;;;;
T01 Black;25/03/2025; 233.907 ;0%;;10.30.31.141;;;;;;;;;
203U;26/03/2025;;0%;CNB2S71K7B;10.30.31.62;24070203433;;;;;;;;
203U;26/03/2025; 235.202 ;0%;CNBASC5HZK;10.30.31.84;24110604215;;;;;;;;
203U;27/03/2025; 236.038 ;0%;CNB2S71KBC;10.30.31.93;24070204414;;;;;;;;
W9008MC;28/03/2025; 236.484 ;0%;;10.30.31.201;16843405;;;;;;;;
CF258XC;28/03/2025; 236.529 ;0%;4J03H2Bb;10.30.31.117;16915810;;;;;;;;
W9008MC;29/03/2025; 237.331 ;<10%;;10.30.31.70;16849233;;;;;;;;
W9004MZ;30/03/2025; 237.446 ;<10%;4I11SVAbP;10.30.31.215;33623511;;;;;;;;
203U;31/03/2025; 238.053 ;0%;CNB1R8WPJ6;10.30.31.158;23082801798;;;;;;;;
Y506L;01/04/2025; 239.612 ;0%;CNB1S4RDQW;10.30.31.65;24042417075;;;;;;;;
203U;01/04/2025; 239.958 ;0%;cnb1s85ndq;10.30.31.108;24080610509;;;;;;;;
CF258XC;02/04/2025; 240.359 ;0%;;10.30.31.109;16926261;;;;;;;;
203U;02/04/2025; 240.922 ;0%;CNB1RDGD3B;10.30.31.99;23121502279;;;;;;;;
M506L;03/04/2025; 241.260 ;0%;CNB1S808DQ;10.30.31.60;24080112060;;;;;;;;
C506L;03/04/2025; 241.260 ;0%;CNB1S847CG;10.30.31.60;24080508784;;;;;;;;
Y506L;03/04/2025; 241.260 ;0%;CNB1S8XCR7;10.30.31.60;24083007121;;;;;;;;
203U;03/04/2025;;5%;CNB1S7YNB3;10.30.31.49;24073010674;FALHA;;;;;;;
K506L;04/04/2025; TRANSPLANTES ;0%;CNB1S8XCWJ;10.30.31.65;;Não estava saindo papel do crum;;;;;;;
203U;04/04/2025; 242.904 ;0%;CNB1S6LN9R;10.30.31.42;24085957114;;;;;;;;
203U;07/04/2025; 243.405 ;17%;CNB1S85NH0;10.30.31.24;24080611078;FALHA NAS IMPRESSÕES;;;;;;;
W9060MC;09/04/2025; 245.291 ;0%;;10.30.31.134;;;;;;;;;
C506L;09/04/2025; 245.968 ;0%;CNB1S808JD;10.30.31.65;24080108621;;;;;;;;
M506L;09/04/2025; 245.968 ;0%;CNB1S846PK;10.30.31.65;24080503890;;;;;;;;
203U;09/04/2025; 246.349 ;38%;CNB1S85P83;10.30.31.83;24080609965;FALHA NO MEIO DA FOLHA;;;;;;;
203U;10/04/2025; 247.941 ;0%;CNB2QDMHYX;10.30.31.63;22122200643;;;;;;;;
203U;11/04/2025;;0%;CNB2S71KJJ;10.30.31.57;24070205734;;;;;;;;
203U;11/04/2025; 247.876 ;0%;CNB1S6NDML;10.30.31.124;24062200349;;;;;;;;
203U;12/04/2025; 249.229 ;0%;CNB2S71K3X;10.30.31.118;24070202768;;;;;;;;
203U;14/04/2025; 249.766 ;0%;CNB1585ND7;10.30.31.101;24080610400;;;;;;;;
203U;14/04/2025; 250.411 ;0%;CNB1S6LN8L;10.30.31.81;24061908278;;;;;;;;
CF258XC;15/04/2025; 251.562 ;0%;4J03H2Bb;10.30.31.117;16915839;;;;;;;;
201L;15/04/2025; 251.911 ;0%;CNB1SBGB7N;10.30.31.27;24101505644;;;;;;;;
203U;15/04/2025; 252.379 ;0%;CNB2S71KJH;10.30.31.90;24070205745;;;;;;;;
203U;16/04/2025; 252.784 ;1%;CNB15308GV;10.30.31.160;24030107372;;;;;;;;
203U;16/04/2025; 252.885 ;0%;CNB1S6LN82;10.30.31.68;24061908329;;;;;;;;
203U;16/04/2025; 253.233 ;0%;CNB1S6LN7Z;10.30.31.93;24061908151;;;;;;;;
203U;17/04/2025; 253.908 ;0%;CNB1R8WP01;10.30.31.157;23082807073;;;;;;;;
203U;17/04/2025; 254.013 ;36%;CNB1S85P84;10.30.31.126;24080609956;;;;;;;;
D358S;19/04/2025;;13%;CNB2SB86T9;10.30.31.138;24101502802;AVISO DE AGITAR TONER, MESMO ASSIM NÃO IMPRIME;;;;;;;
203U;20/04/2025; 254.983 ;0%;CNB1585NJD;10.30.31.159;24080611295;;;;;;;;
203U;21/04/2025; 255.037 ;1%;CNB2S71LCM;10.30.31.116;24070212701;;;;;;;;
203U;21/04/2025; 255.055 ;1%;CNB1QDNQPK;10.30.31.125;22122209882;;;;;;;;
W1330XZ;21/04/2025; 255.100 ;0%;CNB1RDD0CV;10.30.31.119;231212A529E;;;;;;;;
203U;22/04/2025; 255.212 ;0%;CNB1580LBS ;10.30.31.111;24080208929;;;;;;;;
203U;22/04/2025; 255.608 ;4%;CNB151RHJ4 ;10.30.31.220;24012408133;Trocado um pouco antes, pois estava saindo falhado.;;;;;;;
203U;23/04/2025; 256.750 ;0%;CNB2MBG04P;10.30.31.40;19101527478;;;;;;;;
203U;24/04/2025; 258.207 ;0%;CNB1S85NDP;10.30.31.29;24080610499;;;;;;;;
203U;25/04/2025; 257.966 ;0%;CNB1S6BLKV;10.30.31.65;24061100286;;;;;;;;
203U;28/04/2025; 259.864 ;0%;CNB1SBFBQF;10.30.31.15;24101408393;;;;;;;;
358s;29/04/2025; 260.722 ;4%;CNB1S719BF;10.30.31.82;24070507981;;;;;;;;
W9008MC;30/04/2025; 262.017 ;<10%;4224H1AB;10.30.31.70;16843878;Não informa a % correta e está saindo falhando;;;;;;;
203U;30/04/2025; 262.691 ;0%;CNB1SC5HZS;10.30.31.19;24110604251;;;;;;;;
W2021XC;30/04/2025; 262.639 ;0%;;10.30.31.20;;;;;;;;;
W2023XC;30/04/2025; 262.639 ;0%;;10.30.31.20;;;;;;;;;
203U;01/05/2025; 262.774 ;1%;CNB1S3091Y;10.30.31.153;24030111077;;;;;;;;
CF258XC;30/04/2024; 262.799 ;0%;3K08H3BB;10.30.31.117;16918163;;;;;;;;
203U;02/05/2025; 263.779 ;0%;CNB1S6NDWV;10.30.31.97;24062201879;;;;;;;;
203U;02/05/2025; 263.784 ;0%;CNB1S6NDWC;10.30.31.93;24062201770;;;;;;;;
304E;02/05/2025; 264.114 ;0%;CNB1P97RYM;10.30.31.61;21090901644;;;;;;;;
203U;05/05/2025; 264.824 ;0%;CNB1SBFBQM;10.30.31.84;24101408387;;;;;;;;
W9062MC;05/05/2025; 265.293 ;0%;0;10.30.31.120;0;;;;;;;;
W9060MC;05/05/2025; 265.293 ;0%;0;10.30.31.94;0;;;;;;;;
W9061MC;05/05/2025; 264.933 ;0%;0;10.30.31.217;100734918;;;;;;;;
T01 Black;06/05/2025; 266.676 ;0%;0;10.30.31.141;0;;;;;;;;
203U;06/05/2025; 266.991 ;1%;CNB1S6NDWN;10.30.31.83;24062201800;;;;;;;;
358s;07/05/2025; 267.630 ;1%;CNB2S8604J;10.30.31.8;24081606944;;;;;;;;
203U;08/05/2025; 269.776 ;0%;CNB1S1RHFC;10.30.31.67;24012407709;;;;;;;;
W9060MC;08/05/2025; 270.038 ;0%;;10.30.31.120;100800729;;;;;;;;
203U;08/05/2025;;0%;CNB1SBFBQJ;10.30.31.62;24101408356;;;;;;;;
CF258XC;08/05/2025;;0%;;10.30.31.43;16915791;;;;;;;;
203U;09/05/2025; 270.784 ;0%;CNB1SBFBN3;10.30.31.42;24101408183;;;;;;;;
203U;13/05/2025; 272.034 ;0%;CNB1S6LNB9;10.30.31.46;24061908684;;;;;;;;
203U;13/05/2025;273.046;0%;CNB1R6THVF;10.30.31.201;23062618665;;;;;;;;
203U;13/05/2025; 273.054 ;1%;CNB1S56NDKR;10.30.31.16;24062200174;;;;;;;;
203U;13/05/2025; 273.129 ;0%;CNB1SBYCPX;10.30.31.81;24087845874;;;;;;;;
203U;15/05/2025; 275.548 ;0%;CNB1SC09VR;10.30.31.68;24110108273;;;;;;;;
203U;16/05/2025; 276.123 ;0%;CNB1S6LN9S;10.30.31.98;24061908476;VISTO QUE O MESMO TAVA EM 0, PORÉM AO ACESSAR NOVAMENTE O SITE, ESTAVA EM 86%, POSSIVELMENTE ALGUÉM DO SETOR FEZ TROCA INDEVIDA;;;;;;;
CF258XC;16/06/2025; 276.084 ;0%;3K08H3Bb;10.30.31.117;Não mostra o crum;;;;;;;;
203U;16/06/2025; 276.099 ;0%;CNB158XVVV;10.30.31.106;24083010081;;;;;;;;
W9060MC;16/06/2025; 276.288 ;0%;;10.30.31.134;;;;;;;;;
203U;16/05/2025; 276.485 ;0%;CNB1RDDQ55;10.30.31.164;23121305321;;;;;;;;
203U;18/05/2025; 277.100 ;0%;CNB1M5MQYM;10.30.31.49;19052058068;;;;;;;;
201L;20/05/2025; 278.791 ;0%;CNB1SBYQHL;10.30.31.27;24110100725;;;;;;;;
Y506L;21/05/2025; 280.640 ;0%;CNB1S6BLNB;10.30.31.60;24061100920;;;;;;;;
M506L;21/05/2025; 280.460 ;0%;CNB1S847G3;10.30.31.60;24080501936;;;;;;;;
C506L;21/05/2025; 280.460 ;0%;CNB1S808KS;10.30.31.60;24080108926;;;;;;;;
W1330XZ;22/05/2025; 280.735 ;0%;CNB1S1TTHR;10.30.31.151;240125AA897;;;;;;;;
203u;23/05/2025; 281.694 ;0%;CNB1S2TC16;10.30.31.191;24022501009;;;;;;;;
203U;24/05/2025; 282.836 ;0%;CNB1SBYCQ8;10.30.31.93;24110108129;;;;;;;;
201L;25/05/2025; 282.895 ;0%;CNB1S6RG6T;10.30.31.23;24062409048;;;;;;;;
CF258XC;26/05/2025; 282.990 ;0%;16915808;10.30.31.109;;;;;;;;;
358S;29/05/2025; 286.392 ;13%;CNB2R5X3H8;10.30.31.138;23053002753;MENSAGEM DE AGITAR TONER, MESMO APOS AGITAR.;;;;;;;
203U;29/05/2025; 286.385 ;1%;CNB1RD7HH9;10.30.31.39;23120900543;;;;;;;;
203U;29/05/2025; 286.971 ;0%;CNB1S6NDKW;10.30.31.26;24062200170;;;;;;;;
203U;29/05/2025; 287.197 ;0%;CNB1SBYCQS;10.30.31.83;24110108199;;;;;;;;
W9008MC;30/05/2025; 287.718 ;<10%;16845740;10.30.31.70;;Não da pra saber exatamente a %, mas esta falhando;;;;;;;
203U;30/05/2025; 287.853 ;0%;CNB1SBYCPQ;10.30.31.15;24110108061;;;;;;;;
203U;30/05/2025; 287.901 ;0%;CNB1S85NGZ;10.30.31.22;24080611013;;;;;;;;
203U;01/06/2025; 288.396 ;1%;CNB1R1DLHC;10.30.31.28;23011213617;;;;;;;;
CF258XC;01/06/2025; 288.398 ;0%;;10.30.31.117;16910132;;;;;;;;
203U;02/06/2025; 289.013 ;0%;;10.30.31.84;24110108021;;;;;;;;
203U;03/06/2025; 290.677 ;0%;CNB1S2TBSS;10.30.31.111;24083011140;;;;;;;;
203U;03/06/2025; 290.358 ;1%;CBN1S85ND2;10.30.31.100;24080610360;;;;;;;;
203U;04/06/2025; 290.934 ;0%;CNB1S6LN9D;10.30.31.76;24061908526;;;;;;;;
203U;04/06/2025; 291.137 ;3%;CNB1RD7GZH;10.30.31.009;24083009967;;;;;;;;
W9008MC;05/06/2025; 292.802 ;<10%;N/A;10.30.31.65;N/A;;;;;;;;
358S;06/06/2025; 293.363 ;10%;CNB156KXLX;10.30.31.107;24062212043;MESMO ÁPOS AGITAR, CONTINUA A MENSAGEM DE AGITAR.;;;;;;;
203U;06/06/2025; 293.499 ;0%;ZDDPB07JB10JSTE;10.30.31.96;24062200183;;;;;;;;
203U;07/06/2025; 294.217 ;0%;CNB1S2WJSW;10.30.31.17;24022906697;;;;;;;;
203U;07/06/2025; 294.332 ;0%;CNB1S8XVXL;10.30.31.81;24083010769;;;;;;;;
203U;07/06/2025; 294.339 ;0%;CNB1S8XWWX;10.30.31.118;24083011369;;;;;;;;
Y506L;10/06/2025; 296.031 ;0%;;10.30.31.48;24060616808;;;;;;;;
203U;11/06/2025; 297.575 ;0%;CNB1S6KJCK;10.30.31.123;24082905538;;;;;;;;
203U;11/06/2025;;0%;cnb1s6ln89;10.30.31.57;24061904832;;;;;;;;
203U;11/06/2025; 298.304 ;1%;CNB1R8WPJ5;10.30.31.201;23082801775;;;;;;;;
;12/06/2025; 298.377 ;0%;CNB1S8XVX0;10.30.31.42;24083010427;;;;;;;;
K506L;12/06/2025; 299.028 ;0%;CNB1S8XCYS;10.30.31.60;24084894218;;;;;;;;
203U;12/06/2025; 298.918 ;0%;CNB1S8XVY5;10.30.31.68;24083010950;;;;;;;;
203U;13/06/2025; 300.003 ;0%;CNB1S8XWSM;10.30.31.93;24084878457;;;;;;;;
W1330XC;13/06/2025; 300.003 ;0%;CNB1S7X7FR;10.30.31.119;24063034273;;;;;;;;
358S;16/06/2025; 300.930 ;1%;CNB4Q5YDH5;10.30.31.8;22053114141;;;;;;;;
203U;17/06/2025; 301.912 ;1%;CNB1S6LN9F;10.30.31.66;24061908466;;;;;;;;
CF258XC;18/06/2025;;0%;4J17H28b;10.30.31.117;16910168;;;;;;;;
203U;18/06/2025; 303.418 ;0%;CNB1SBYCQP;10.30.31.62;24110108180;;;;;;;;
203U;18/06/2025;;1%;CNB1S6NDT6;10.30.31.131;24062201337;;;;;;;;
203U;23/06/2025; 305.405 ;0%;CNB1SBYCPY;10.30.31.19;24110108076;;;;;;;;
W9004MC;23/06/2025; 306.000 ;<10%;33622890;10.30.31.215;;;;;;;;;
203U;24/06/2025; 307.103 ;1%;CNB158XVX1;10.30.31.83;24064710428;;;;;;;;
203u;26/06/2025; 308.365 ;1%;cnb158xvx9;10.30.31.22;24083010480;;;;;;;;
203u;26/06/2025; 309.204 ;1%;CNB1585P8J;10.30.31.128;24080610026;;;;;;;;
W9060MC;26/06/2025; 309.168 ;1%;NA;10.30.31.217;100734071;;;;;;;;
203U;26/06/2025;;1%;CNB1S8XVVZ;10.30.31.84;24083010140;;;;;;;;
203U;27/06/2025; 310.411 ;0%;CNB1S7TH56;10.30.31.71;24072900706;;;;;;;;
CF258XC;30/06/2025; 311.821 ;0%;CF258XC;10.30.31.117;16909837;;;;;;;;
203u;30/06/2025;312.082;0%;CNB156NDX2;10.30.31.124;24062201900;;;;;;;;
W9060MC;01/07/2025;312.936;0%;NA;10.30.30.120;100797362;;;;;;;;
203U;02/07/2025;313.867;0%;CNB1Q97BPP;10.30.31.74;22090819926;;;;;;;;
203U;02/07/2025;312.076;0%;CNB15BYCQQ;10.30.31.29;;;;;;;;;
203U;03/07/2025;315.531;0%;CNB15C09VK;10.30.31.118;24082904793;;;;;;;;
203U;04/07/2025; 316.486 ;1%;CNB1S6KJHH;10.30.31.99;24061905478;;;;;;;;
203U;04/07/2025; 316.918 ;0%;CNB158XTKK;10.30.31.70;24082905455;;;;;;;;
203U;05/07/2025; 314.469 ;1%;CNB1R7F7NM;10.30.31.12;23071408097;;;;;;;;
201U;08/07/2025; 319.934 ;0%;CNB15BGB77;10.30.31.23;24101505392;;;;;;;;
203U;08/07/2025;320.088;0%;CNB156NDMP;10.30.31.81;24062200356;;;;;;;;
CF258XC;09/07/2025; 320.236 ;0%;16918137;10.30.31.43;;;;;;;;;
203U;09/07/2025;;1%;CNB1RD7H2G;;23120808603;Toner estava em uma impressora da sala, ia ser levado para um setor, para não levar com 1% foi feito a troca (Dentro da % correta);;;;;;;
358S;09/07/2025; 320.479 ;3%;;10.30.31.138;24120505996;;;;;;;;
203U;10/07/2025; 321.029 ;0%;CNB1S8XWSX;10.30.31.16;24083010040;;;;;;;;
203U;10/07/2025;;0%;CNB2571LBD;10.30.31.98;24070212496;;;;;;;;
203U;11/07/2025; 322.483 ;0%;CNB1S8WYM;10.30.31.46;24083011364;;;;;;;;
203U;11/07/2025; 322.523 ;0%;CNB1SBYCNT;10.30.31.49;24110107881;;;;;;;;
203U;14/07/2025; 324.475 ;0%;CNB1SBYCQM;10.30.31.101;24110108174;;;;;;;;
203U;14/07/2025; 324.460 ;1%;CNB1S6LN7M;10.30.31.122;24061908088;;;;;;;;
203U;14/07/2025; 323.948 ;1%;CNB1R8WPN4;10.30.31.27;23082802661;;;;;;;;
CF258XC;14/07/2025;;0%;;10.30.31.117;16920873;;;;;;;;
203U;14/07/2025; 324.107 ;44%;cnb1rc99vr;10.30.31.40;23111300770;toner manchando folha;;;;;;;
358S;15/07/2025; 325.596 ;11%;CN2RX5X3Y5;10.30.31.134;23053002892;toner manchando folha e com falhas;;;;;;;
203U;16/07/2025; 326.438 ;0%;CNB1S8XTHD;10.30.31.15;24082904922;;;;;;;;
203U;16/07/2025; 327.263 ;0%;CNB1R8WPJ3;10.30.31.109;23082801768;;;;;;;;
203U;16/07/2025;;1%;CNB1SC09VN;10.30.31.83;24110108291;;;;;;;;
203U;16/07/2025; 326.893 ;1%;CNB1S6KJCJ;10.30.31.108;24061904841;;;;;;;;
203U;16/07/2025; 326.981 ;1%;CNB1S8XWSZ;10.30.31.84;24083010052;;;;;;;;
203U;17/07/2025; 327.411 ;0%;CNB1S8XTGW;10.30.31.56;24082904741;;;;;;;;
358S;18/07/2025; 328.409 ;0%;CNB1S65VZB;10.30.31.8;24060713586;;;;;;;;
203U;18/07/2025; 328.354 ;0%;CNB1S8XVX7;10.30.31.22;24083010479;;;;;;;;
203U;18/07/2025; 329.204 ;0%;CNB1SBHPCW;10.30.31.90;24101600570;;;;;;;;
203U;19/07/2025; 329.280 ;1%;CNB1SBYCQL;10.30.31.82;24110108170;;;;;;;;
203U;21/07/2025; 330.309 ;1%;CNB1SBYCQ4;10.30.31.126;24110108105;;;;;;;;
203U;24/07/2025; 332.977 ;0%;CNB1S1RHF4;10.30.31.42;24012407680;;;;;;;;
203U;24/07/2025; 333.402 ;0%;CNB1S8XTJQ;10.30.31.70;24082905275;;;;;;;;
203U;25/07/2025; 334.536 ;0%;CNB2S71KC7;10.30.31.116;24070204667;;;;;;;;
358S;28/07/2025; 334.682 ;1%;CNB1S63ZP4;10.30.31.11;24060511738;;;;;;;;
203U;28/07/2025; 335.843 ;24%;CNB1S8XTHJ;10.30.31.24;24080610523;IMPRESSÃO SAINDO FALHADA (aberto chamado para reposição);;;;;;;
203U;28/07/2025; 335.843 ;29%;CNB1S85NDF;10.30.31.81;24082905485;IMPRESSÃO SAINDO FALHADA (aberto chamado para reposição);;;;;;;
201L;29/07/2025;336.116;0%;CNB152L9Q5;10.30.31.119;24053011142;;;;;;;;
203U;29/07/2025; 336.176 ;0%;CNB15XWXN;10.30.31.111;24083011140;;;;;;;;
203U;29/07/2025; 336.125 ;0%;cnb2m9hv96;10.30.31.64;19091630598;;;;;;;;
203u;30/07/2025; 337.726 ;0%;CNB158XWT6;10.30.31.138;24083010095;;;;;;;;
203U;31/07/2025; 338.256 ;1%;CNB1S3092T;10.30.31.127;24030111218;;;;;;;;
203U;31/07/2025; 338.830 ;0%;CMB158XWT7;10.30.31.68;24083010101;;;;;;;;
CF258XC;31/07/2025; 339.037 ;0%;HP;10.30.31.117;HP;;;;;;;;
203U;01/08/2025; 339.437 ;0%;CNB1S8XTH1;10.30.31.118;24082904793;;;;;;;;
203U;01/08/2025; 340.129 ;0%;CNB158XTHF;10.30.31.201;24082904929;;;;;;;;
203U;06/08/2025; 343.742 ;0%;CNB1S8XVWM;10.30.31.67;24083010434;;;;;;;;
203U;06/08/2025;;0%;CNB1S8XTKB;10.30.31.57;24080905438;;;;;;;;
203U;07/08/2025; 345.572 ;0%;CNB153091Q;10.30.31.27;24030111040;;;;;;;;
203U;07/08/2025; 345.830 ;0%;CNB1SC09ZQ;10.30.31.70;24110400154;;;;;;;;
203U;07/08/2025; 346.051 ;0%;CNB1S8XTGQ;10.30.31.62;24082904795;;;;;;;;
203U;08/08/2025; 346.258 ;0%;CNB1SBXTKL;10.30.31.83;24082905462;;;;;;;;
203U;12/08/2025; 350.082 ;0%;CNB158XTH7;10.30.31.84;24082904805;;;;;;;;
358S;14/08/2025; 352.167 ;5%;CNB2P8T4PM;10.30.31.8;21082614123;;;;;;;;
203U;14/08/2025; 352.424 ;1%;CNB15BYCP4;10.30.31.96;24110107993;;;;;;;;
203U;15/08/2025; 352.357 ;0%;CNB151YZVM;10.30.31.15;2312080891;;;;;;;;
203U;15/08/2025; 353.315 ;1%;CNB153092J;10.30.31.183;25043009058;;;;;;;;
W1330XC;19/08/2025; 356.012 ;0%;CNE17UQ7561007D5G9T8G0831;10.30.31.94;220825A62A8;;;;;;;;
203U;19/08/2025; 356.689 ;0%;CNB1RC1589;10.30.31.19;23110206203;;;;;;;;
203U;19/08/2025; CENTRO MÉDICO ;0%;HP;10.30.31.176;HP;;;;;;;;
203U;20/08/2025; 358.181 ;1%;CNB158XVYB;10.30.31.17;2408010986;;;;;;;;
203U;20/08/2025; 358.147 ;1%;CNB2571KHP;10.30.31.33;24070205692;;;;;;;;
203U;21/08/2025; 358.461 ;0%;CNB1S6LN83;10.30.31.157;24061908180;;;;;;;;
203U;21/08/2025; 359.105 ;0%;CNB15BYCSB;10.30.31.70;24110108168;;;;;;;;
CF258XC;21/08/2025; 359.220 ;0%;HP;10.30.31.117;HP;;;;;;;;
203U;24/08/2025; 360.821 ;0%;CNB1SBFBSZ;10.30.31.159;24101408786;;;;;;;;
203U;25/08/2025; 360.831 ;0%;CNB1S3094P;10.30.31.24;24030111425;;;;;;;;
203U;25/08/2025; 360.861 ;1%;CNB1S3092V;10.30.31.16;24030111225;;;;;;;;
T01 Ciano;27/08/2025; 363.804 ;1%;;10.30.31.114;;;;;;;;;
203U;27/08/2025; 364.008 ;0%;CNB158XWST;10.30.31.118;24083010013;;;;;;;;
203U;28/08/2025; 364.631 ;0%;CNB1S3093L;10.30.31.76;24030111297;;;;;;;;
201L;28/08/2025; 365.194 ;0%;CNB1S6FKW7;10.30.31.23;24061500410;;;;;;;;
CF258XC;29/08/2025; 366.219 ;0%;;10.30.31.43;16920895;;;;;;;;
203U;01/09/2025; 366.854 ;1%;CNB1RC99TS;10.30.31.125;23111300500;;;;;;;;
203U;01/09/2025; 366.945 ;1%;CNB1S8XTH2;10.30.31.29;24082904714;;;;;;;;
203U;01/09/2025; 366.958 ;0%;CNB1585NGJ;10.30.31.27;24080610903;;;;;;;;
203U;02/09/2025; 368.876 ;0%;CNB1S8XTJC;10.30.31.83;24082905191;;;;;;;;
W9004MZ;03/09/2025; 369.480 ;<10%;;10.30.31.215;33621379;Impressora não mostra % correta;;;;;;;
203U;03/09/2025; 369.546 ;1%;CNB158XWTZ;10.30.31.42;24083010327;;;;;;;;
203U;04/09/2025;371.291;0%;CNB1SBYCPG;10.30.31.160;24110107999;;;;;;;;
203U;04/09/2025; 371.793 ;0%;CNB1S8XTH6;10.30.31.201;24041914264;;;;;;;;
203U;05/09/2025; 372.173 ;0%;CNB2S71KBZ;10.30.31.200;24070204669;;;;;;;;
203U;05/09/2025; 372.179 ;1%;CNB1S4LKJV;10.30.31.46;24030111303;;;;;;;;
X1330XC;05/09/2025; 372.437 ;0%;CNB1RCQGY5;10.30.31.119;231123A11EB;;;;;;;;
203U;06/09/2025; 373.613 ;0%;CNB1RD7H56;10.30.31.70;23120809190;;;;;;;;
203U;08/09/2025;;0%;CNB1S8XTHZ;10.30.31.124;24082905107;;;;;;;;
203U;08/09/2025;;0%;CNB1S3093M;10.30.31.200;24030111303;;;;;;;;
203U;08/09/2025; 374.070 ;0%;CNB1S30934;10.30.31.49;24030111255;;;;;;;;
358S;08/09/2025; 374.186 ;0%;CNB15CTWY7;10.30.31.138;24112607920;;;;;;;;
203U;09/09/2025; 375.894 ;1%;CNB1RD7GYN;10.30.31.22;23120808919;;;;;;;;
203U;10/09/2025; 377.063 ;0%;CNB159VGCL;10.30.31.100;24092704954;;;;;;;;
203U;12/09/2025; 378.978 ;0%;CNB1S4LLD6;10.30.31.84;24041911326;;;;;;;;
203U;12/09/2025; 379.636 ;0%;CNB1S1RHFK;10.30.21.75;24012407739;;;;;;;;
358S;15/09/2025; 380.470 ;0%;24101502234;10.30.31.10;CNB25B86W8;;;;;;;;
W1330XC;15/09/2025; 381.181 ;0%;231208A43AA;10.30.31.117;CNB1RD7LRQ;;;;;;;;
203U;15/09/2025; 391.246 ;0%;24073004804;10.30.31.97;CNB1S7YQH7;;;;;;;;
203U;15/09/2025; 381.438 ;1%;;10.30.31.106;CNB1SBYCPM;;;;;;;;
203U;16/09/2025; 381.592 ;38%;CNB158XVX4;10.30.31.66;24083010475;Falha na impressão;;;;;;;
W908;16/09/2025; 381.592 ;10%;N/A;10.30.31.65;;Falha na impressão;;;;;;;
203U;16/09/2025;381.500;0%;CNB1SBFQP;10.30.31.60;24041911868;;;;;;;;
203U;16/09/2025; 383.184 ;1%;CNB1S1RG14;10.30.31.81;24012415209;;;;;;;;
203U;17/09/2025; 384.242 ;0%;CNB1RD7H5F;10.30.31.82;23120809217;;;;;;;;
W9062;18/09/2025; 384.938 ;1%;N/A;10.30.31.217;;;;;;;;;
W9063;18/09/2025; 384.938 ;0%;N/A;10.30.31.217;;;;;;;;;
203U;19/09/2025; 386.086 ;0%;24070205328;10.30.31.7;;;;;;;;;
358S;19/09/2025; 386.086 ;2%;24120505891;10.30.31.8;;;;;;;;;
W9151MC;19/09/2025; 386.136 ;<10%;USBCQB91ZM;10.30.31.53;;Impressora estava pedindo troca, porém não mostra a %;;;;;;;
203U;19/09/2025; 386.583 ;0%;CNB1S4LLD9;10.30.31.118;24041911648;;;;;;;;
358S;19/09/2025; 386.640 ;4%;CNB2S7YLCX;10.30.31.120;24012308516;Folhas saindo manchando ;;;;;;;
203U;21/09/2025; 387.229 ;0%;CNB1T4XYPK;10.30.31.15;25043009058;;;;;;;;
203U;22/09/2025;;0%;CNB1S3093D;;24030111290;;;;;;;;
W9171MC;23/09/2025; 388.374 ;<10%;USBCQ170B6;10.30.31.58;;Impressora estava pedindo troca, porém não mostra a % correta;;;;;;;
203U;23/09/2025; 388.893 ;0%;CNB1S4LKHQ;10.30.31.83;24041914051;;;;;;;;
203U;23/09/2025; 389.454 ;0%;CNB1S2TDT1;10.30.31.14;24022505692;;;;;;;;
203U;24/09/2025; 390.100 ;0%;CNB1RD8H78;10.30.31.70;23120809578;;;;;;;;
203U;30/09/2025; 395.068 ;0%;CNB1SBYCQJ;10.30.31.62;24110108159;;;;;;;;
203U;30/09/2025; 395.149 ;<10%;CNB1M7TRB8;10.30.31.57;19072620788;Impressão estava saindo com a tonalidade de preto bem apagado.;;;;;;;
203U;01/10/2025; 397.324 ;0%;CNB1SC09V8;10.30.31.98;24110108259;;;;;;;;
203U;03/10/2025; 396.719 ;0%;CNB1S8XTKN;10.30.31.90;24082905487;;;;;;;;
203u;04/10/2025; 400.233 ;0%;CNB1S4LLGJ;10.30.31.42;24041911957;;;;;;;;
203U;05/10/2024; 400.271 ;0%;CNB1RD7H34;10.30.31.27;23120808850;;;;;;;;
203U;05/10/2024; 400.271 ;0;CNB1S8XWSP;10.30.31.26;24083010009;;;;;;;;
203U;06/10/2025; 400.848 ;0%;CNB1S308GX;10.30.31.101;24030107395;;;;;;;;
203U;06/10/2025; 400.848 ;0%;CNB1S8TKW;;24082905538;;;;;;;;
203u;06/10/2025; 401.715 ;0%;CNB1S4LKJW;10.30.31.201;24041914264;;;;;;;;
203U;06/10/2025; 401.491 ;1%;CNB1SBFBRF;10.30.31.22;24101408478;;;;;;;;
358S;06/10/2025; 401.317 ;0%;CNB1S65VT3;10.30.31.134;24060709192;;;;;;;;
203U;07/10/2025; 402.247 ;0%;CNB1SCFHQD;10.30.31.94;241114A215C;;;;;;;;
203U;08/10/2025; 403.530 ;0%;CNB1RD7H77;10.30.31.84;23120809567;;;;;;;;
203U;09/10/2025; 404.879 ;1%;CNB1RD7H75 ;10.30.31.16;23120809562;;;;;;;;
203U;09/10/2025;;2%;CNB158XTKG;10.30.31.99;24082905468;;;;;;;;
203U;09/10/2025; 404.977 ;1%;CNB1S8XVWZ;10.30.31.128;24083010426;;;;;;;;
W9008MC;09/10/2025; 405.348 ;<10%;16849435;10.30.31.70;;;;;;;;;
203U;10/10/2025; 406.938 ;0%;CNB1T5VHW3;10.30.31.81;25052708399;;;;;;;;
203U;11/10/2025; 407.317 ;0%;;10.30.31.157;24082905517;;;;;;;;
203U;14/10/2025; 409.038 ;0%;CNB1S8XVT9;10.30.31.100;25052706155;;;;;;;;
203U;14/10/2025; 409.425 ;0%;CNB1RD7H4Q;10.30.31.83;25060910189;;;;;;;;
CF258XC;14/10/2025; 409.742 ;0%;;10.30.31.117;;;;;;;;;
203U;14/10/2025; 410.213 ;0%;CNB1T5VHD1;10.30.31.118;25052706180;;;;;;;;
203U;16/10/2025; 411.895 ;29%;CNB1SBYCPP;10.30.31.47;25052708390;Toner com defeito;;;;;;;
358S;17/10/2025;;23%;CNB2R5X3Y0;10.30.31.8;23053002865;Toner com defeito;;;;;;;
203U;17/10/2025; 413.240 ;1%;CNB1S3090N;10.30.31.98;24030110856;Possivel Troca indevida entre Recuperação CC e Preparo CC;;;;;;;
203U;18/10/2025; 413.882 ;0%;CNB1RD7GZR;10.30.31.29;23120808857;;;;;;;;
432FDN;20/10/2025; 414.284 ;0%;CNB1S1TTBH;10.30.31.21;240326A245B;;;;;;;;
203U;20/10/2025; 414.802 ;0%;CNB1T5VHBQ;10.30.31.82;25052705982;;;;;;;;
203U;20/10/2025; N/A ;0%;CNB1RD7H50;10.30.31.19;23120809154;;;;;;;;
CF258XC;21/10/2025; 416.070 ;0%;HP;10.30.31.43;HP;;;;;;;;
358S;23/10/2025; 417.807 ;11%;CNB2S1K4BG;10.30.31.138;24012401876;Toner com defeito (Pede toda vez pra agitar);;;;;;;
203U;23/10/2025; 418.562 ;1%;CNB1SBFBQK;10.30.31.68;24101408442;;;;;;;;
203U;24/10/2025; 419.425 ;0%;CNB1T4XYPV;10.30.31.96;25043008924;;;;;;;;
201L;24/10/2025; 419.948 ;0%;CNB1T4XJDD;10.30.31.23;25042905527;;;;;;;;
203U;25/10/2025; 420.122 ;1%;CNB1T5VH96;10.30.31.15;25052705785;;;;;;;;
GPR-51 Yellow;27/10/2025; 420.417 ;0%;CANON;10.30.31.112;CANON;;;;;;;;
GPR-51 Ciano;27/10/2025; 420.417 ;0%;CANON;10.30.31.112;CANON;;;;;;;;
203U;27/10/2025; 421.535 ;0%;CNB1S6LN7N;10.30.31.63;24061908094;;;;;;;;
CF258XC;30/10/2025; 424.777 ;0%;;10.30.31.117;;;;;;;;;
W9004MC;31/10/2025;425.519;<10%;;10.30.31.215;33620787;;;;;;;;
230U;03/11/2025; 427.314 ;0%;CNB1S3091N;10.30.31.22;24111203082;;;;;;;;
358S;04/11/2025; 428.597 ;1%;CNB25B86VM;10.30.31.79;24101502876;;;;;;;;
203U;04/11/2025; 428.597 ;0%;CNB1T68ZXT;10.30.31.83;;;;;;;;;
203U;04/11/2025; 429.197 ;0%;CNB1S4LLF8;10.30.31.46;;;;;;;;;
203U;05/11/2025; 429.721 ;0%;CNB1S6NDX0;10.30.31.24;24062201868;Recebemos e-mail de troca indevida com 53%;;;;;;;
203U;05/11/2025; 429.745 ;1%%;CNB1S3093G;10.30.31.84;24030111294;;;;;;;;
203U;05/11/2025; 429.838 ;1%;CNB1S30932;10.30.31.201;24030111249;;;;;;;;
